timestamp,PM2.5,temperature
2023-01-01 00:00:00,182.60781324863382,23.627523544479587
2023-01-01 01:00:00,127.3062708740911,22.344402864782964
2023-01-01 02:00:00,98.68144088897787,33.415463016361045
2023-01-01 03:00:00,115.62883728730365,29.394268801581283
2023-01-01 04:00:00,23.531750616607003,18.419955897631496
2023-01-01 05:00:00,161.03738400980595,19.07083844650976
2023-01-01 06:00:00,22.932330529756285,25.0221453516048
2023-01-01 07:00:00,160.4890230342168,19.195450291037396
2023-01-01 08:00:00,174.54197265712264,29.090815151014827
2023-01-01 09:00:00,39.4963741113811,24.18893508339516
2023-01-01 10:00:00,,34.4679934881441
2023-01-01 11:00:00,,20.40414870714906
2023-01-01 12:00:00,,30.098504853030484
2023-01-01 13:00:00,172.50519197612869,15.324061869421907
2023-01-01 14:00:00,126.15960239099296,21.956416089117806
2023-01-01 15:00:00,189.6694270107895,15.365604393011978
2023-01-01 16:00:00,151.1725763268861,28.520035685490654
2023-01-01 17:00:00,45.65800871870516,19.142811799653437
2023-01-01 18:00:00,109.6226090030698,25.429627193680144
2023-01-01 19:00:00,182.3710658159942,27.228073812802734
2023-01-01 20:00:00,116.6671751724667,19.412734418568068
2023-01-01 21:00:00,121.40574582258581,22.47337187523166
2023-01-01 22:00:00,85.68690864864467,24.749652110007105
2023-01-01 23:00:00,36.340702290743806,27.64939450838563
2023-01-02 00:00:00,24.199403968379364,33.60105138164404
2023-01-02 01:00:00,117.47047752819633,15.680009029281962
2023-01-02 02:00:00,50.4019640869565,32.885386310464526
2023-01-02 03:00:00,26.246300381324414,22.611422691524794
2023-01-02 04:00:00,76.53031937811795,21.017368439785447
2023-01-02 05:00:00,79.49329448976073,27.576212254111354
2023-01-02 06:00:00,172.2276002329228,34.332090737152186
2023-01-02 07:00:00,55.97312221001437,15.479486838239087
2023-01-02 08:00:00,160.4651511790004,27.696319023067424
2023-01-02 09:00:00,139.96239520197184,18.747804896296355
2023-01-02 10:00:00,159.70854957645437,33.599246601358004
2023-01-02 11:00:00,61.623675087020885,25.777021959848735
2023-01-02 12:00:00,193.8776607165456,24.37675657350085
2023-01-02 13:00:00,61.928370630686885,24.388839616027553
2023-01-02 14:00:00,144.67485589735463,30.619670877677613
2023-01-02 15:00:00,157.74259098865363,30.694517744292177
2023-01-02 16:00:00,96.3731302627043,23.483441757911297
2023-01-02 17:00:00,173.5809342831695,26.385563566648173
2023-01-02 18:00:00,78.09156688418803,15.674603937975672
2023-01-02 19:00:00,147.96837686973495,30.939349985330225
2023-01-02 20:00:00,128.69435935173715,33.288010970446635
2023-01-02 21:00:00,79.129059552877,17.694427449400404
2023-01-02 22:00:00,192.22686857881305,20.88045993895335
2023-01-02 23:00:00,144.30203074022694,30.478435280828982
2023-01-03 00:00:00,114.68266139759108,33.14159929435188
2023-01-03 01:00:00,26.648343546547,29.55062466093964
2023-01-03 02:00:00,43.96031967775331,25.101730669853406
2023-01-03 03:00:00,41.993184507279295,29.620900146631463
2023-01-03 04:00:00,58.905907417490575,34.39184925418275
2023-01-03 05:00:00,177.9663478095947,23.273358240912774
2023-01-03 06:00:00,148.13271234067693,30.959316318674773
2023-01-03 07:00:00,146.80831236306244,23.49539857864889
2023-01-03 08:00:00,144.94836116305387,26.954551693581333
2023-01-03 09:00:00,128.58750641204824,25.97767193183201
2023-01-03 10:00:00,108.0553759229748,20.25013470722937
2023-01-03 11:00:00,22.58170639101789,16.297374927022645
2023-01-03 12:00:00,138.90928543065837,29.23281432177364
2023-01-03 13:00:00,177.94197387287736,33.81622671054954
2023-01-03 14:00:00,115.32307702526607,27.937435335295188
2023-01-03 15:00:00,16.6957845455676,30.182316057709393
2023-01-03 16:00:00,156.60321914243184,17.019784748747945
2023-01-03 17:00:00,100.82473425588579,34.199295127553334
2023-01-03 18:00:00,125.57440119257718,17.342481332677973
2023-01-03 19:00:00,192.43244995967288,28.4260455113209
2023-01-03 20:00:00,71.6240251806247,18.676195672530863
2023-01-03 21:00:00,45.677147641145545,25.36034012802781
2023-01-03 22:00:00,89.9221494064474,33.82036284526516
2023-01-03 23:00:00,90.05011157906571,32.81600157738189
2023-01-04 00:00:00,43.094049795555264,32.42509800434335
2023-01-04 01:00:00,93.86689418935367,27.37962262642734
2023-01-04 02:00:00,125.73137102676122,25.875062481078714
2023-01-04 03:00:00,11.897747194022868,23.71830338719321
2023-01-04 04:00:00,170.16668462835574,29.88440966320519
2023-01-04 05:00:00,110.90865314088927,21.114712193822257
2023-01-04 06:00:00,167.09767397219565,34.49803970453374
2023-01-04 07:00:00,146.71951868463316,33.99044541034726
2023-01-04 08:00:00,148.38008454183895,26.847656228838304
2023-01-04 09:00:00,133.89020282713324,28.28841575588268
2023-01-04 10:00:00,11.74812612674035,19.164254918576738
2023-01-04 11:00:00,39.87805344405459,16.36666520359596
2023-01-04 12:00:00,99.25838775044559,30.757451599014047
2023-01-04 13:00:00,11.636081436009095,18.705601959863966
2023-01-04 14:00:00,117.07948545794628,19.521346820658003
2023-01-04 15:00:00,56.03965749241282,21.241319498521552
2023-01-04 16:00:00,34.38103760244799,22.563079440596383
2023-01-04 17:00:00,123.79385954597309,31.17945905002966
2023-01-04 18:00:00,173.00071058817005,28.520953662320693
2023-01-04 19:00:00,52.468061951168764,15.29902657747592
2023-01-04 20:00:00,136.52125281803995,28.54261795282337
2023-01-04 21:00:00,199.5421274852526,29.390550099806028
2023-01-04 22:00:00,54.694816008156145,15.984150298325428
2023-01-04 23:00:00,34.43470683074415,16.733519970990052
2023-01-05 00:00:00,120.21585064210232,20.78422029731062
2023-01-05 01:00:00,145.97206383800307,22.33850185221314
2023-01-05 02:00:00,102.00122249656982,28.216862935413648
2023-01-05 03:00:00,118.61854861158373,26.693311525052074
2023-01-05 04:00:00,,32.02790771069557
2023-01-05 05:00:00,,16.027383660601775
2023-01-05 06:00:00,,28.080767136274446
2023-01-05 07:00:00,,30.88826129564147
2023-01-05 08:00:00,,27.277266979112788
2023-01-05 09:00:00,,26.52607582194965
2023-01-05 10:00:00,,34.76575375342762
2023-01-05 11:00:00,,28.36436368633261
2023-01-05 12:00:00,,20.12755669320897
2023-01-05 13:00:00,,15.213537451182988
2023-01-05 14:00:00,,24.42837248380117
2023-01-05 15:00:00,189.25717786753103,33.78983316808505
2023-01-05 16:00:00,121.27594860238402,23.166260753425867
2023-01-05 17:00:00,105.29181365039744,16.690331852229694
2023-01-05 18:00:00,176.53923831952764,21.678901857657387
2023-01-05 19:00:00,137.22918336145636,24.90424494864403
2023-01-05 20:00:00,89.45544263111428,30.146000410771578
2023-01-05 21:00:00,142.9791418777935,25.16893726081699
2023-01-05 22:00:00,62.9063467107842,19.780472571417164
2023-01-05 23:00:00,20.34756104267442,30.055300355012363
2023-01-06 00:00:00,140.85918156051525,34.15938894089257
2023-01-06 01:00:00,132.91292346824673,28.950460241967665
2023-01-06 02:00:00,72.88696456200566,28.485981166730575
2023-01-06 03:00:00,136.99502487390458,17.01591237808582
2023-01-06 04:00:00,137.76183920135662,22.02015847116978
2023-01-06 05:00:00,45.22968957182908,17.121709620723536
2023-01-06 06:00:00,189.01705803490728,28.456313731586445
2023-01-06 07:00:00,74.19130565744094,22.309865087833803
2023-01-06 08:00:00,137.4897189514254,21.492538958191076
2023-01-06 09:00:00,78.86609620086409,33.95954676530462
2023-01-06 10:00:00,135.76154471495,24.165770719341484
2023-01-06 11:00:00,189.56671011398012,34.47610724761409
2023-01-06 12:00:00,101.0620263595984,31.96054827299365
2023-01-06 13:00:00,169.51107419526352,29.874018997243297
2023-01-06 14:00:00,67.51362254342494,23.18669604861838
2023-01-06 15:00:00,142.18626327734887,22.39312172556969
2023-01-06 16:00:00,21.28486390640991,29.915656087261972
2023-01-06 17:00:00,65.45328143868679,33.06485572266567
2023-01-06 18:00:00,128.92198044499472,30.99031661117766
2023-01-06 19:00:00,149.06682272545294,29.652605017511203
2023-01-06 20:00:00,140.81356098633182,29.93948411549927
2023-01-06 21:00:00,91.92205464904568,29.042055023271935
2023-01-06 22:00:00,62.121270335624516,21.119081744497958
2023-01-06 23:00:00,144.43842469426428,20.037153547197494
2023-01-07 00:00:00,105.7843848255252,26.464215436159538
2023-01-07 01:00:00,74.54010410864525,24.29954623777249
2023-01-07 02:00:00,148.4273746926796,24.52474625539188
2023-01-07 03:00:00,31.181867113470354,19.849941548010406
2023-01-07 04:00:00,57.78897036814286,27.89086112001325
2023-01-07 05:00:00,163.578046993814,29.142140306651584
2023-01-07 06:00:00,169.96904073563965,22.021490633954244
2023-01-07 07:00:00,33.761084909734585,19.920518172112637
2023-01-07 08:00:00,182.19078893217173,16.23777922195027
2023-01-07 09:00:00,63.49916863407009,16.31271775487464
2023-01-07 10:00:00,54.53150362407541,25.95526215052008
2023-01-07 11:00:00,12.135025747051003,20.64988374970767
2023-01-07 12:00:00,196.86210057727467,33.95345367027629
2023-01-07 13:00:00,177.15398569533855,25.96233888195747
2023-01-07 14:00:00,44.56327708002745,30.90456386020335
2023-01-07 15:00:00,85.08312416965477,26.898563019926982
2023-01-07 16:00:00,101.00946488382787,33.856204544016606
2023-01-07 17:00:00,160.13893915749819,15.925440092648905
2023-01-07 18:00:00,178.15196153783646,34.243789723493364
2023-01-07 19:00:00,43.09690653088291,26.23876024207892
2023-01-07 20:00:00,39.0296249797918,33.11859099712234
2023-01-07 21:00:00,50.226869672665664,15.643203909775238
2023-01-07 22:00:00,16.887799066271064,15.497904973335867
2023-01-07 23:00:00,22.028645523323434,27.473251653061073
2023-01-08 00:00:00,32.539103520068274,15.169131410561814
2023-01-08 01:00:00,90.92139323544845,25.111760778483898
2023-01-08 02:00:00,58.853264893524724,31.367147885018
2023-01-08 03:00:00,44.30930045973788,23.041487980152013
2023-01-08 04:00:00,94.5259593384214,19.334727001489984
2023-01-08 05:00:00,197.82688638246728,27.59520515444961
2023-01-08 06:00:00,190.1451302214363,15.094794444430635
2023-01-08 07:00:00,191.72095234531025,34.888317491303866
2023-01-08 08:00:00,53.11814407783849,19.093933120546513
2023-01-08 09:00:00,190.43738610928415,17.340854762786485
2023-01-08 10:00:00,26.012633381950106,32.768314178953034
2023-01-08 11:00:00,199.0041582094503,32.45865427617741
2023-01-08 12:00:00,40.62001285402297,34.855182662676825
2023-01-08 13:00:00,119.00731070333016,31.53469708461965
2023-01-08 14:00:00,185.74623354157455,21.293690958603005
2023-01-08 15:00:00,84.6588370596156,27.892848094351734
2023-01-08 16:00:00,167.44398775416707,19.995396425917722
2023-01-08 17:00:00,104.89369225983414,26.15939497749542
2023-01-08 18:00:00,37.43504939581694,15.099186055489886
2023-01-08 19:00:00,191.95854302545953,23.70668669336014
2023-01-08 20:00:00,189.60720811036813,32.60415936204237
2023-01-08 21:00:00,69.75432612071104,25.52838387239957
2023-01-08 22:00:00,176.39773916711778,27.944117136527673
2023-01-08 23:00:00,47.08526777168163,20.134233164728094
2023-01-09 00:00:00,88.4184975884842,27.762680099855878
2023-01-09 01:00:00,152.36859497658452,15.833222539372239
2023-01-09 02:00:00,165.75337511673962,26.83834587785798
2023-01-09 03:00:00,84.56167426537051,26.119893887654918
2023-01-09 04:00:00,189.27641533909656,31.19843082660727
2023-01-09 05:00:00,47.66423826341051,27.032887357606892
2023-01-09 06:00:00,61.042962705498184,27.02702712572158
2023-01-09 07:00:00,66.4701545341658,31.828419985105285
2023-01-09 08:00:00,22.70859331095234,26.5523001692984
2023-01-09 09:00:00,181.42399084392787,32.26542515698007
2023-01-09 10:00:00,167.75660493333493,24.130669326437726
2023-01-09 11:00:00,111.21645004023252,21.26430126043216
2023-01-09 12:00:00,175.19015639525801,20.31306464291732
2023-01-09 13:00:00,146.81374686112053,16.319133575420466
2023-01-09 14:00:00,142.1915575905288,27.67857664656522
2023-01-09 15:00:00,168.32951240787145,15.960778352621812
2023-01-09 16:00:00,195.88035133443887,34.72909045988746
2023-01-09 17:00:00,155.53366873105998,21.48180592563746
2023-01-09 18:00:00,66.23267628153394,33.599516124982
2023-01-09 19:00:00,36.20998666505471,21.282336693486556
2023-01-09 20:00:00,72.76175756671564,34.73441268733586
2023-01-09 21:00:00,127.32548891804282,20.688761700242004
2023-01-09 22:00:00,146.35888872120628,15.094699624740034
2023-01-09 23:00:00,15.576709542903016,24.01953980150497
2023-01-10 00:00:00,55.18451584795406,24.191270181964903
2023-01-10 01:00:00,134.9916133515439,33.77980646556418
2023-01-10 02:00:00,88.0180496448675,17.71692204467159
2023-01-10 03:00:00,24.143374786407442,34.42235602717024
2023-01-10 04:00:00,24.08740332979137,32.52905669161071
2023-01-10 05:00:00,60.791734498171095,32.34488378833073
2023-01-10 06:00:00,81.03664859684798,16.56061139047886
2023-01-10 07:00:00,49.915275920244724,30.203687700020936
2023-01-10 08:00:00,48.20539221223406,29.199037975582687
2023-01-10 09:00:00,116.29429258311376,19.16936354206333
2023-01-10 10:00:00,153.99012293139472,31.078121564531177
2023-01-10 11:00:00,12.972597024238153,17.319846348909387
2023-01-10 12:00:00,41.434511527516115,31.908763281835398
2023-01-10 13:00:00,93.18094615106631,24.015189076689662
2023-01-10 14:00:00,110.66934063282649,32.09472504036896
2023-01-10 15:00:00,161.92019394427734,24.660884034963324
2023-01-10 16:00:00,154.37193120586434,32.74921127147867
2023-01-10 17:00:00,195.14362555369823,25.632912092398037
2023-01-10 18:00:00,32.42235527812423,20.175386991485972
2023-01-10 19:00:00,88.23374301352703,33.8651724750778
2023-01-10 20:00:00,182.43705514685453,15.006382760597498
2023-01-10 21:00:00,191.46730810747164,28.702358125054143
2023-01-10 22:00:00,123.7152725306671,18.5309895082883
2023-01-10 23:00:00,39.038844588526445,17.462632210478496
2023-01-11 00:00:00,119.37863003113948,26.47802331685888
2023-01-11 01:00:00,70.4671351343647,28.667966303037367
2023-01-11 02:00:00,91.71593211598133,27.094990899298853
2023-01-11 03:00:00,158.94891502015912,19.516747130080308
2023-01-11 04:00:00,29.802880410355176,22.268633971293546
2023-01-11 05:00:00,24.373028231766273,31.928872566125538
2023-01-11 06:00:00,131.8736654826531,26.951637212623965
2023-01-11 07:00:00,121.48171802868458,33.32326828552
2023-01-11 08:00:00,138.41026507913395,17.13376998503876
2023-01-11 09:00:00,29.407203010197193,16.657745970420137
2023-01-11 10:00:00,109.78149569320901,34.87206532784453
2023-01-11 11:00:00,92.85432881586667,28.32752882024635
2023-01-11 12:00:00,177.06195572436238,15.784671178825345
2023-01-11 13:00:00,75.11075320585023,16.994797295431255
2023-01-11 14:00:00,161.1649525913125,17.219260369614833
2023-01-11 15:00:00,31.472389891755146,24.24720448360127
2023-01-11 16:00:00,168.70388631479983,16.200445563807293
2023-01-11 17:00:00,83.05979479105905,29.67786710765553
2023-01-11 18:00:00,77.75349656039428,21.4121587179069
2023-01-11 19:00:00,106.58621286023084,15.415259567474664
2023-01-11 20:00:00,97.50083274347449,15.76277152008501
2023-01-11 21:00:00,192.49882167184694,30.110873701115118
2023-01-11 22:00:00,52.97700797545997,34.96470167787031
2023-01-11 23:00:00,143.51490730082747,21.63481007212131
2023-01-12 00:00:00,13.461730001835111,33.33717954201563
2023-01-12 01:00:00,143.47610824099044,25.54144115051606
2023-01-12 02:00:00,35.82572538531906,32.7905643922427
2023-01-12 03:00:00,21.13248921628641,34.91277282690938
2023-01-12 04:00:00,141.8678931063794,17.328472611921438
2023-01-12 05:00:00,126.22250300499238,23.531593112874212
2023-01-12 06:00:00,78.92778279313828,20.929244957347354
2023-01-12 07:00:00,70.4515049730806,18.068095191826373
2023-01-12 08:00:00,196.4638253020988,16.655059028945512
2023-01-12 09:00:00,28.768429007076953,29.744501438444086
2023-01-12 10:00:00,152.79918578110383,28.482790299561895
2023-01-12 11:00:00,155.4509596036297,21.97297017830372
2023-01-12 12:00:00,67.10926073807777,25.79133061749757
2023-01-12 13:00:00,197.1073581233,22.8095880993993
2023-01-12 14:00:00,192.19561681771495,18.632883004301032
2023-01-12 15:00:00,35.41421146155376,28.74677870605136
2023-01-12 16:00:00,108.02342993179407,17.96199972943436
2023-01-12 17:00:00,114.76861020344025,18.953841581703944
2023-01-12 18:00:00,96.70037388486166,25.231969931375424
2023-01-12 19:00:00,150.65804014318732,20.689888540214195
2023-01-12 20:00:00,192.91961247742688,21.108594868831183
2023-01-12 21:00:00,34.797861661349,29.10718138658755
2023-01-12 22:00:00,128.54981570560227,17.477545106541655
2023-01-12 23:00:00,189.95027635370903,21.736948600736266
2023-01-13 00:00:00,173.6386626921753,25.706465598783726
2023-01-13 01:00:00,161.4952929764072,29.471051012258027
2023-01-13 02:00:00,65.91355127569777,33.49096347326561
2023-01-13 03:00:00,188.91879164139803,25.22974973075545
2023-01-13 04:00:00,72.19631210493722,25.76487854382714
2023-01-13 05:00:00,70.64753833839829,21.425706086051456
2023-01-13 06:00:00,90.88016590587105,30.966200898704365
2023-01-13 07:00:00,16.419217541198535,19.26463486245369
2023-01-13 08:00:00,96.61984182970392,24.54338107699952
2023-01-13 09:00:00,164.38516186160285,29.22273033936701
2023-01-13 10:00:00,151.56319609505323,33.39643556917342
2023-01-13 11:00:00,162.16969467405934,23.688822700495145
2023-01-13 12:00:00,119.23935527525782,22.280091021684772
2023-01-13 13:00:00,138.45467452154494,24.314123373192714
2023-01-13 14:00:00,183.46503924397265,22.140363230919
2023-01-13 15:00:00,33.04178448392651,33.101708691977755
2023-01-13 16:00:00,117.85722133222748,17.862404513793567
2023-01-13 17:00:00,38.63677930877293,23.518881305593823
2023-01-13 18:00:00,51.20334686345868,22.528504855376575
2023-01-13 19:00:00,60.10100884924481,27.27270171134478
2023-01-13 20:00:00,72.27075933088645,17.40323202603979
2023-01-13 21:00:00,26.133699131912383,29.25673636719946
2023-01-13 22:00:00,38.3863972533201,28.600875779585536
2023-01-13 23:00:00,30.869478110351427,25.151506076714643
2023-01-14 00:00:00,110.99014425522185,24.042206561663416
2023-01-14 01:00:00,13.471523779370157,24.940392691988453
2023-01-14 02:00:00,63.54654264301326,27.168318107350224
2023-01-14 03:00:00,104.11628961689489,33.96911915876893
2023-01-14 04:00:00,61.84099269652764,17.532482728438904
2023-01-14 05:00:00,102.04373803917422,17.400443032503304
2023-01-14 06:00:00,101.5168063467065,34.010110044548696
2023-01-14 07:00:00,104.41937251975128,22.958374527974907
2023-01-14 08:00:00,77.8873665771466,33.78769261638283
2023-01-14 09:00:00,190.99233835772574,18.826715073562042
2023-01-14 10:00:00,180.99034478803006,31.040969285151817
2023-01-14 11:00:00,176.12345836185335,32.095565018664786
2023-01-14 12:00:00,177.07276446371074,23.72198999737001
2023-01-14 13:00:00,133.10241552588712,17.81973681200984
2023-01-14 14:00:00,66.6370240149992,28.984658899426037
2023-01-14 15:00:00,15.96470447872348,33.64559208354506
2023-01-14 16:00:00,134.1453558046042,19.34678338334854
2023-01-14 17:00:00,120.28737830585602,16.759403161070672
2023-01-14 18:00:00,68.25822911548885,31.184751646639565
2023-01-14 19:00:00,30.13180598067767,31.510325281830436
2023-01-14 20:00:00,74.57060841279143,31.427238799645206
2023-01-14 21:00:00,119.00746972343748,22.122259436233936
2023-01-14 22:00:00,72.88490863494545,17.625395208331398
2023-01-14 23:00:00,81.55570345298037,16.18374852551991
2023-01-15 00:00:00,57.512318412418196,20.92852107449884
2023-01-15 01:00:00,194.58430114481897,21.44088387298535
2023-01-15 02:00:00,27.483727630605358,19.313155952669945
2023-01-15 03:00:00,100.83396993235301,22.25016771336798
2023-01-15 04:00:00,21.366856570977728,26.511227405838003
2023-01-15 05:00:00,197.3409347970146,23.487892930961944
2023-01-15 06:00:00,193.7856361727956,25.839940957162142
2023-01-15 07:00:00,185.02618465297655,20.897077851385014
2023-01-15 08:00:00,83.31656183144543,16.65174193985404
2023-01-15 09:00:00,45.74279449694975,17.115106165671893
2023-01-15 10:00:00,24.421581715538704,31.591509878327557
2023-01-15 11:00:00,59.56671813252007,21.997480040138186
2023-01-15 12:00:00,16.037062836451444,31.72357133201249
2023-01-15 13:00:00,15.56417382391242,30.91739219424749
2023-01-15 14:00:00,199.42216788939965,25.676751425947458
2023-01-15 15:00:00,49.47210085709829,20.863102907432136
2023-01-15 16:00:00,44.49224181591404,31.663607507180817
2023-01-15 17:00:00,128.06871699469977,34.07766948784153
2023-01-15 18:00:00,52.13179784590975,28.810898011754208
2023-01-15 19:00:00,33.12482891719133,34.342744769120685
2023-01-15 20:00:00,94.41749999852956,22.230920215054986
2023-01-15 21:00:00,178.7783067762976,19.450597448796728
2023-01-15 22:00:00,198.6046217565368,22.540185100985607
2023-01-15 23:00:00,60.965532374233085,29.19731340789261
2023-01-16 00:00:00,177.7513263515621,23.253133133571367
2023-01-16 01:00:00,39.97408776527591,31.834839633734113
2023-01-16 02:00:00,40.35876319311819,28.148264631341586
2023-01-16 03:00:00,108.3943953410209,18.183816892023266
2023-01-16 04:00:00,165.337760121089,31.436983527125605
2023-01-16 05:00:00,93.30790722763747,31.352344104291447
2023-01-16 06:00:00,109.06619879525672,18.526282588616574
2023-01-16 07:00:00,144.53937114210652,24.291454183397335
2023-01-16 08:00:00,77.27354548499649,30.557087439566438
2023-01-16 09:00:00,76.617846293877,27.686625230145317
2023-01-16 10:00:00,197.96253408452299,34.458259508603774
2023-01-16 11:00:00,97.31905710000939,27.302063623042518
2023-01-16 12:00:00,37.81857537254516,25.165450982208572
2023-01-16 13:00:00,36.537173044479644,21.720750338440652
2023-01-16 14:00:00,145.35866241043192,22.929707163030557
2023-01-16 15:00:00,195.0608638199945,23.148244287123298
2023-01-16 16:00:00,15.163861819859218,30.824810796836196
2023-01-16 17:00:00,173.02922389398404,32.074208752765934
2023-01-16 18:00:00,49.29667976815136,25.0827798779746
2023-01-16 19:00:00,171.61063795315837,18.67697679006451
2023-01-16 20:00:00,93.39770155432795,19.65410252996552
2023-01-16 21:00:00,199.77598759029846,26.666611519611834
2023-01-16 22:00:00,146.86094779932543,32.52471663096422
2023-01-16 23:00:00,31.41317042444413,22.32104183995363
2023-01-17 00:00:00,136.15486838434373,17.33414646368413
2023-01-17 01:00:00,92.21599900868807,20.38581540046233
2023-01-17 02:00:00,157.54144743183696,19.121540096922477
2023-01-17 03:00:00,143.32784877799133,20.10431691877537
2023-01-17 04:00:00,115.53615929592272,16.516098365359483
2023-01-17 05:00:00,44.60191200462594,17.40004910385152
2023-01-17 06:00:00,143.63529039558483,28.45551384088265
2023-01-17 07:00:00,52.6104442449894,18.498183007401117
2023-01-17 08:00:00,114.38077925272032,18.81836140138735
2023-01-17 09:00:00,112.79005459885472,24.462700990729413
2023-01-17 10:00:00,77.97633498946848,33.1074384692232
2023-01-17 11:00:00,77.71129131646205,15.69442750371043
2023-01-17 12:00:00,107.50203677116303,19.81336603910113
2023-01-17 13:00:00,90.89799817800169,28.207116857823912
2023-01-17 14:00:00,86.0280467164263,28.7581265800192
2023-01-17 15:00:00,152.3034640843636,16.0546397171055
2023-01-17 16:00:00,189.29043292848306,18.485108848024602
2023-01-17 17:00:00,57.77016582079583,32.934644127997046
2023-01-17 18:00:00,84.89012683827154,19.65007620625972
2023-01-17 19:00:00,194.65653377331748,34.02325912907398
2023-01-17 20:00:00,18.78378838453826,18.98867432439076
2023-01-17 21:00:00,167.41057258838308,28.65568020884233
2023-01-17 22:00:00,34.83322417872061,33.273048520340566
2023-01-17 23:00:00,186.65767386444782,28.725796901366483
2023-01-18 00:00:00,41.68736636144146,34.54659510577174
2023-01-18 01:00:00,36.46616815323827,32.85075700545898
2023-01-18 02:00:00,154.52444362949097,15.034863841488356
2023-01-18 03:00:00,66.33033936877558,19.64548377306052
2023-01-18 04:00:00,107.11761431437968,30.286944207723312
2023-01-18 05:00:00,10.655227074125937,21.522314690520822
2023-01-18 06:00:00,123.62808643681582,23.30591822531358
2023-01-18 07:00:00,173.70488566633307,21.44426088481008
2023-01-18 08:00:00,33.621512313785544,27.770314093789917
2023-01-18 09:00:00,135.2363172247859,23.270072474540044
2023-01-18 10:00:00,177.7923521652296,29.833878599355344
2023-01-18 11:00:00,100.11057593208434,15.203496679122573
2023-01-18 12:00:00,100.1237389292101,20.68432234176499
2023-01-18 13:00:00,47.636647491299335,21.946767940668515
2023-01-18 14:00:00,111.53363967476109,33.90885698975069
2023-01-18 15:00:00,121.78102937207271,29.007658335337908
2023-01-18 16:00:00,111.82604832180866,25.438752789684248
2023-01-18 17:00:00,138.47556215820526,31.50704415266686
2023-01-18 18:00:00,140.50641268723956,16.01327125624319
2023-01-18 19:00:00,64.69371287922156,15.995969953929144
2023-01-18 20:00:00,97.87142303713995,29.575864605260744
2023-01-18 21:00:00,75.08602600891562,23.84168334292557
2023-01-18 22:00:00,117.50069219206478,32.2133784992497
2023-01-18 23:00:00,111.61251521503947,29.544746467184748
2023-01-19 00:00:00,83.12090673374287,20.298350967804
2023-01-19 01:00:00,136.65365346330782,16.336621274050923
2023-01-19 02:00:00,17.647628462158778,16.367703577925397
2023-01-19 03:00:00,32.678100632571024,26.915121828302603
2023-01-19 04:00:00,36.22801610890632,32.52440645426066
2023-01-19 05:00:00,80.67481930983809,30.456468036435247
2023-01-19 06:00:00,197.4910067061658,17.794710931864046
2023-01-19 07:00:00,126.66926521951945,17.582350952785475
2023-01-19 08:00:00,112.3676656914727,22.49569585023366
2023-01-19 09:00:00,178.01675660259446,34.9721238894213
2023-01-19 10:00:00,122.7118823204571,27.716032610640628
2023-01-19 11:00:00,169.25424510988802,15.103545832677021
2023-01-19 12:00:00,171.7610958017412,26.260288883269475
2023-01-19 13:00:00,103.88114815252041,33.65859017444372
2023-01-19 14:00:00,137.9213106877856,17.835909960825887
2023-01-19 15:00:00,22.67533188041109,27.122389718847323
2023-01-19 16:00:00,152.5880611967768,26.07779298379093
2023-01-19 17:00:00,194.5565799049515,33.01465760486543
2023-01-19 18:00:00,90.08159870633222,27.197979230418163
2023-01-19 19:00:00,147.01252972929518,21.8561178615195
2023-01-19 20:00:00,15.84480056473491,22.107897087263595
2023-01-19 21:00:00,26.753580428461447,30.266696946133308
2023-01-19 22:00:00,194.04532493796987,23.3815463225531
2023-01-19 23:00:00,46.27208601843276,22.03817354830212
2023-01-20 00:00:00,86.29286194357209,34.8347472053627
2023-01-20 01:00:00,40.067641595870164,32.69965442972363
2023-01-20 02:00:00,118.43821485104839,16.41700288326798
2023-01-20 03:00:00,72.94853354352949,27.946756477440438
2023-01-20 04:00:00,165.5936536848706,27.59156701879908
2023-01-20 05:00:00,156.17135609387492,24.63117602480542
2023-01-20 06:00:00,48.5395355063177,19.30696482884979
2023-01-20 07:00:00,184.86372295914109,21.907119260747564
2023-01-20 08:00:00,117.034434997184,20.975009758473643
2023-01-20 09:00:00,125.83296808101397,25.217800619704068
2023-01-20 10:00:00,47.94021000365251,31.518812256670984
2023-01-20 11:00:00,109.5160682822669,22.766643085669003
2023-01-20 12:00:00,82.90593583405658,30.544587689770736
2023-01-20 13:00:00,41.97316906370824,19.656855133462464
2023-01-20 14:00:00,188.56868930275846,31.386908381834413
2023-01-20 15:00:00,101.42171007361162,21.883432816551803
2023-01-20 16:00:00,107.716928288648,26.04704447566906
2023-01-20 17:00:00,178.05123827765684,25.431136732858043
2023-01-20 18:00:00,178.88335468558367,34.34962828656076
2023-01-20 19:00:00,157.22806148951537,30.92054427665352
2023-01-20 20:00:00,116.2882639074873,22.946585088999754
2023-01-20 21:00:00,23.406094635216448,17.18305834578993
2023-01-20 22:00:00,163.4298819237166,26.8243961364226
2023-01-20 23:00:00,98.82536800452878,22.374048273165112
2023-01-21 00:00:00,103.36294635665699,28.10748012554844
2023-01-21 01:00:00,103.98634965704169,22.155747106475157
2023-01-21 02:00:00,176.79063012610848,16.77421689423153
2023-01-21 03:00:00,51.279386257622726,24.27902372435619
2023-01-21 04:00:00,135.03979413441624,33.070263440258195
2023-01-21 05:00:00,119.47756922410454,15.854787511896308
2023-01-21 06:00:00,15.954989006138085,26.955538960922503
2023-01-21 07:00:00,102.04128332604385,24.643880643996336
2023-01-21 08:00:00,65.86564666432085,17.765283480270508
2023-01-21 09:00:00,177.03049942433782,23.101259984903294
2023-01-21 10:00:00,116.69734816846534,31.75109308288916
2023-01-21 11:00:00,96.36557944788343,34.27586306890511
2023-01-21 12:00:00,50.51292392449584,24.169863695315854
2023-01-21 13:00:00,99.26769448630921,33.8233890302258
2023-01-21 14:00:00,125.48231203420026,21.808661435750107
2023-01-21 15:00:00,64.18971056890257,18.943849646125397
2023-01-21 16:00:00,98.03696713390583,34.21875213554509
2023-01-21 17:00:00,192.6890193791094,33.80020660571432
2023-01-21 18:00:00,194.63423755768,17.90539311500092
2023-01-21 19:00:00,21.189049994963987,24.905002765536608
2023-01-21 20:00:00,37.790441086103,20.26047432453648
2023-01-21 21:00:00,182.18817578490027,29.222352949091654
2023-01-21 22:00:00,167.01464565357904,31.904270463936598
2023-01-21 23:00:00,186.8555708908766,27.97433535132405
2023-01-22 00:00:00,128.75536033143297,34.95040876637553
2023-01-22 01:00:00,88.5627617837528,18.590595447015737
2023-01-22 02:00:00,115.87459378306521,20.058137995917207
2023-01-22 03:00:00,183.8788397040589,23.156768871966243
2023-01-22 04:00:00,38.43879732594047,22.592191244856156
2023-01-22 05:00:00,27.574513797668537,22.29093098768778
2023-01-22 06:00:00,27.276696734462725,18.12237248356167
2023-01-22 07:00:00,50.34510557921093,25.877959319190417
2023-01-22 08:00:00,165.61369582597052,25.791708939266428
2023-01-22 09:00:00,63.68271042255472,32.69604923975287
2023-01-22 10:00:00,129.9985978338966,23.272336794643095
2023-01-22 11:00:00,59.325587683533314,27.592594565100477
2023-01-22 12:00:00,89.46937908551931,15.772347893440706
2023-01-22 13:00:00,74.24786021963682,30.04733730497096
2023-01-22 14:00:00,106.6725792451543,21.335617582915503
2023-01-22 15:00:00,137.78046222465207,15.467662101621952
2023-01-22 16:00:00,157.19256775024985,20.15764174764478
2023-01-22 17:00:00,116.73396297755747,31.251429012537212
2023-01-22 18:00:00,77.42766029229217,28.533895197908542
2023-01-22 19:00:00,121.56840493829854,15.738100447117914
2023-01-22 20:00:00,122.44894619653493,18.89753264311968
2023-01-22 21:00:00,179.41806208122577,20.225051288037093
2023-01-22 22:00:00,122.13858636010475,20.838106551507742
2023-01-22 23:00:00,179.82244143080055,33.155312378615754
2023-01-23 00:00:00,105.55011079174547,17.941287059487074
2023-01-23 01:00:00,52.28476910820236,29.545954619868542
2023-01-23 02:00:00,179.56887169120733,34.40390638255758
2023-01-23 03:00:00,196.8349315866004,27.700449904291784
2023-01-23 04:00:00,56.101645547443866,22.827223723932363
2023-01-23 05:00:00,62.787818872311625,16.32939944874337
2023-01-23 06:00:00,86.41947550850298,32.29020626079285
2023-01-23 07:00:00,37.10398379838777,32.47781456975271
2023-01-23 08:00:00,115.29314223714778,25.2890981469626
2023-01-23 09:00:00,70.06832152561557,25.885942880345496
2023-01-23 10:00:00,33.62656738868241,31.880143095561266
2023-01-23 11:00:00,11.873040914075135,32.228622379373014
2023-01-23 12:00:00,84.2995804774872,15.981986271161066
2023-01-23 13:00:00,143.11698639101516,29.80565232416619
2023-01-23 14:00:00,19.223122404304235,34.68944462381592
2023-01-23 15:00:00,168.0872597720153,22.19345643251974
2023-01-23 16:00:00,166.04761164994997,15.23597621317942
2023-01-23 17:00:00,121.37476235181515,33.26243010759414
2023-01-23 18:00:00,120.06772526420175,29.304819654851087
2023-01-23 19:00:00,126.52112489695057,20.483068642745067
2023-01-23 20:00:00,72.01188400251212,20.494687210408436
2023-01-23 21:00:00,145.65458422721937,23.536908235783724
2023-01-23 22:00:00,195.32769176790634,34.95777107855731
2023-01-23 23:00:00,95.2169685641691,19.755288462442273
2023-01-24 00:00:00,198.78301113200533,28.596660485853533
2023-01-24 01:00:00,142.6157549315821,29.457785222118105
2023-01-24 02:00:00,137.2031789301584,19.390488324016836
2023-01-24 03:00:00,39.85312843579847,25.10561109516554
2023-01-24 04:00:00,104.42784292714566,25.108745234048435
2023-01-24 05:00:00,25.362420243092693,16.312681992848084
2023-01-24 06:00:00,69.73159668196857,24.71780629500047
2023-01-24 07:00:00,114.85783127218541,24.257989487884636
2023-01-24 08:00:00,131.2176107673668,27.269897463934406
2023-01-24 09:00:00,127.18862470420794,17.634228301629435
2023-01-24 10:00:00,96.17157330218001,30.875822758716563
2023-01-24 11:00:00,11.759848801452728,24.728652197451538
2023-01-24 12:00:00,33.193202945977326,23.11539679313032
2023-01-24 13:00:00,112.82708209773757,30.52867576973916
2023-01-24 14:00:00,189.79101581581736,19.430016612285378
2023-01-24 15:00:00,18.11690085860645,20.72345716108685
2023-01-24 16:00:00,120.28559359216308,34.30007215096986
2023-01-24 17:00:00,54.18518387273277,34.352576176990695
2023-01-24 18:00:00,46.66288221994023,34.29205811738029
2023-01-24 19:00:00,72.53489193640587,28.219876543177783
2023-01-24 20:00:00,100.01617048357099,21.320408961908004
2023-01-24 21:00:00,70.31938141470691,17.041225738894724
2023-01-24 22:00:00,118.37135346056077,32.14403234267688
2023-01-24 23:00:00,166.5668389697583,15.710779736016647
2023-01-25 00:00:00,148.81921439880216,33.01867753312331
2023-01-25 01:00:00,169.27075134014353,23.406945570608073
2023-01-25 02:00:00,141.5149783372255,28.124439860071604
2023-01-25 03:00:00,199.4137663779112,25.76812561076479
2023-01-25 04:00:00,123.53100284544344,30.38111344836061
2023-01-25 05:00:00,124.9148604559155,25.12196303476845
2023-01-25 06:00:00,99.74131750137894,33.75753739688915
2023-01-25 07:00:00,87.05328731894328,32.355669050342414
2023-01-25 08:00:00,157.40160120796824,34.71422872955032
2023-01-25 09:00:00,34.27175576493663,28.903668760900636
2023-01-25 10:00:00,152.73651881655888,26.366397348455415
2023-01-25 11:00:00,160.78904033671995,19.32269911079734
2023-01-25 12:00:00,166.5046594276942,34.964255655368184
2023-01-25 13:00:00,197.36656671260684,34.793758903875315
2023-01-25 14:00:00,199.8153662949719,24.055821033321447
2023-01-25 15:00:00,74.1202595198258,23.727730073046523
2023-01-25 16:00:00,186.78953145716417,16.486861497716404
2023-01-25 17:00:00,159.6649911863511,19.826956778029825
2023-01-25 18:00:00,154.9435718943111,26.87193737425212
2023-01-25 19:00:00,85.57294215874184,32.220623093166694
2023-01-25 20:00:00,177.6872490475122,16.86774742706668
2023-01-25 21:00:00,93.3713220420661,29.240061365093204
2023-01-25 22:00:00,41.954046945969466,16.203473044396635
2023-01-25 23:00:00,60.876970653953755,16.56729583597256
2023-01-26 00:00:00,87.56184447259352,22.64182236222093
2023-01-26 01:00:00,66.07603674523148,19.74504154314327
2023-01-26 02:00:00,141.72323207435937,23.539563973646327
2023-01-26 03:00:00,41.82756131283075,24.22992266363515
2023-01-26 04:00:00,151.9124248905268,19.556976149390223
2023-01-26 05:00:00,136.06035841154073,25.84787742611404
2023-01-26 06:00:00,56.77718999759669,33.84760798218299
2023-01-26 07:00:00,143.40297944645243,16.914349514665115
2023-01-26 08:00:00,42.49216834698185,32.659637523024415
2023-01-26 09:00:00,119.52693728760548,20.0868508513224
2023-01-26 10:00:00,125.29306897514515,31.30260939221241
2023-01-26 11:00:00,107.1706153703685,31.186722649335096
2023-01-26 12:00:00,58.940529841991825,34.84831245858801
2023-01-26 13:00:00,45.40510001759821,17.693411446237665
2023-01-26 14:00:00,139.0977197475406,17.542021686956716
2023-01-26 15:00:00,125.22619918898754,25.875070549144805
2023-01-26 16:00:00,75.94065874604225,33.27329139782921
2023-01-26 17:00:00,167.2114466463378,19.007876694844782
2023-01-26 18:00:00,145.54216720835788,15.814529951007135
2023-01-26 19:00:00,68.34155047605597,33.806475871683915
2023-01-26 20:00:00,199.46854863335494,30.303509784424026
2023-01-26 21:00:00,180.99721462779198,20.95653003646856
2023-01-26 22:00:00,107.59292625357786,30.69492914162492
2023-01-26 23:00:00,155.79331224886778,26.538826723334573
2023-01-27 00:00:00,154.7392865599497,22.65171546853817
2023-01-27 01:00:00,158.38047199429025,24.673912166302454
2023-01-27 02:00:00,191.3870248878025,20.581992105463957
2023-01-27 03:00:00,98.56195686480034,23.818350692913256
2023-01-27 04:00:00,48.00319892363968,33.90638232131684
2023-01-27 05:00:00,51.3798096824017,26.35324177839767
2023-01-27 06:00:00,26.407636071887058,27.519784531590965
2023-01-27 07:00:00,129.87520330933847,28.400429870454282
2023-01-27 08:00:00,28.455284131128217,20.022005695706603
2023-01-27 09:00:00,45.62554980364516,23.52301655071293
2023-01-27 10:00:00,171.61040151734818,16.921874483747587
2023-01-27 11:00:00,69.26319382934958,19.075331145283556
2023-01-27 12:00:00,142.13192215500243,23.184544388600475
2023-01-27 13:00:00,125.8898534399397,29.11031243956551
2023-01-27 14:00:00,172.9590249183747,15.93689477215803
2023-01-27 15:00:00,105.37515528169804,29.876058389727262
2023-01-27 16:00:00,57.2306792528099,28.386762226156264
2023-01-27 17:00:00,105.4915877734432,34.19243904962498
2023-01-27 18:00:00,115.7922246047588,27.3084380866765
2023-01-27 19:00:00,156.61704110821375,31.119053050995504
2023-01-27 20:00:00,154.29155753013598,21.331994067274742
2023-01-27 21:00:00,186.88839485947747,16.538433019654402
2023-01-27 22:00:00,175.11657147072899,33.276469177856676
2023-01-27 23:00:00,150.03879832669105,21.615766539242212
2023-01-28 00:00:00,61.4704588712831,20.331998137476333
2023-01-28 01:00:00,92.24446013893296,29.828394075071092
2023-01-28 02:00:00,75.43829566735918,27.711807651024664
2023-01-28 03:00:00,85.7394126729365,34.5826290359572
2023-01-28 04:00:00,136.06548357595744,24.681877840147063
2023-01-28 05:00:00,94.44579413910671,16.490278788691576
2023-01-28 06:00:00,172.57141388970018,22.979773576773187
2023-01-28 07:00:00,38.695114259144226,26.61131705549971
2023-01-28 08:00:00,74.77024328303214,22.830077011404484
2023-01-28 09:00:00,127.47601719415533,28.62435561336135
2023-01-28 10:00:00,74.3680913821979,15.948488240793171
2023-01-28 11:00:00,128.1055398098268,23.671590984068487
2023-01-28 12:00:00,141.90040207759358,15.944852793202294
2023-01-28 13:00:00,171.86381713354987,25.9666827771551
2023-01-28 14:00:00,194.19552602473246,17.39636358058342
2023-01-28 15:00:00,35.00214324126536,22.434997061377175
2023-01-28 16:00:00,136.98131115403635,34.943566025305714
2023-01-28 17:00:00,67.31399018193054,34.35926417936439
2023-01-28 18:00:00,40.33872178026164,24.960665231162366
2023-01-28 19:00:00,20.216953198102452,21.74488363074913
2023-01-28 20:00:00,183.37755272743104,19.317507752205916
2023-01-28 21:00:00,158.3901154557507,15.344872804376031
2023-01-28 22:00:00,111.46505093997733,33.507033614769966
2023-01-28 23:00:00,77.89693332180325,21.814354409971443
2023-01-29 00:00:00,67.51609008976362,34.78002760914823
2023-01-29 01:00:00,20.039018099788308,26.34235082172065
2023-01-29 02:00:00,15.199199369104619,24.086837627646396
2023-01-29 03:00:00,95.12905167716035,18.60010389245857
2023-01-29 04:00:00,162.30979426410113,24.692926348505686
2023-01-29 05:00:00,63.20238861994257,27.899330403912376
2023-01-29 06:00:00,136.18868045639098,15.754100681738494
2023-01-29 07:00:00,75.97012885544598,15.42255209060015
2023-01-29 08:00:00,79.61748141755025,34.7326745430599
2023-01-29 09:00:00,57.64738488332091,27.375986167714206
2023-01-29 10:00:00,122.39557352362462,24.879728883642088
2023-01-29 11:00:00,49.32568358179066,25.945641299381318
2023-01-29 12:00:00,22.190669018289796,16.016861416653633
2023-01-29 13:00:00,28.84233155440282,31.831297426813393
2023-01-29 14:00:00,169.71457843091815,34.0911529064456
2023-01-29 15:00:00,145.19792051090087,26.913762577415817
2023-01-29 16:00:00,146.7153132569888,26.101782419289812
2023-01-29 17:00:00,168.01710572914948,23.90982062736586
2023-01-29 18:00:00,79.14624623158805,28.88940032463487
2023-01-29 19:00:00,63.545897691296375,27.131983545053554
2023-01-29 20:00:00,191.45221178308591,24.96604232403257
2023-01-29 21:00:00,83.51647447966096,18.706309578569332
2023-01-29 22:00:00,162.38970235082272,32.38472225330116
2023-01-29 23:00:00,65.10015941152813,27.918527499564853
2023-01-30 00:00:00,198.25887601333176,15.043454702006134
2023-01-30 01:00:00,42.380432640136746,34.5471324795958
2023-01-30 02:00:00,83.55188985907459,32.95730706884545
2023-01-30 03:00:00,79.54885249621212,25.781067558136662
2023-01-30 04:00:00,111.00781007835153,20.98218149631657
2023-01-30 05:00:00,84.3323326194064,20.85233329041655
2023-01-30 06:00:00,197.1808259360422,18.25698753846583
2023-01-30 07:00:00,156.661594507433,15.968728071159719
2023-01-30 08:00:00,43.666373027537134,16.18610793308944
2023-01-30 09:00:00,101.71384366259572,34.39258666031563
2023-01-30 10:00:00,130.120371127101,33.24530330750321
2023-01-30 11:00:00,117.71360976260348,26.881441659319556
2023-01-30 12:00:00,166.4920171744116,23.68646034890208
2023-01-30 13:00:00,181.81359741971877,24.53647884370885
2023-01-30 14:00:00,13.904802663446102,16.368988849267396
2023-01-30 15:00:00,85.3923662313077,32.09468429572491
2023-01-30 16:00:00,141.74592125615345,16.139782437609618
2023-01-30 17:00:00,61.35521048606538,32.45609464127274
2023-01-30 18:00:00,97.32001151680525,15.403862533064903
2023-01-30 19:00:00,118.56692962730278,22.31616150126336
2023-01-30 20:00:00,11.18307688011598,34.919404456410234
2023-01-30 21:00:00,102.83590346058844,18.561295694630388
2023-01-30 22:00:00,61.24677416069321,15.83033282539585
2023-01-30 23:00:00,175.7956115485896,24.80856317450205
2023-01-31 00:00:00,64.23551073124428,29.45725739567755
